epoch,lr,train_loss,train_noise_loss,train_latent_loss,train_retrieval_strength_mean,train_fusion_weight_entropy,val_loss,val_noise_loss,val_latent_loss,val_retrieval_strength_mean,val_fusion_weight_entropy
1,5e-05,0.7559346808031344,0.3958887308835983,18.00229806545824,0.4743380789368297,1.094736552847841,0.3799252645112574,0.2104415749199688,8.474184488877654,0.4785394165664911,1.0985747538506985
2,5e-05,0.5853794009540789,0.1897038390842108,19.78377856071384,0.4788829986089334,1.094785114446768,0.2271216488443315,0.137051371159032,4.503514247015119,0.4716991409659385,1.098583851009607
3,5e-05,0.5070134740287122,0.1411168804517188,18.294830183061165,0.4732757751553203,1.0947877058205897,0.1279262006282806,0.1075891684740781,1.016851594671607,0.4785564206540584,1.0985868275165558
4,5e-05,0.472855624061423,0.1178935022114184,17.74810641537459,0.4765261711594395,1.0947887649932229,0.1086679401341825,0.0912357089109718,0.8716115914285183,0.469586887396872,1.0985756367444992
5,5e-05,0.2098041570510346,0.1046056394188548,5.259925954258099,0.4742994981642348,1.0947639549883028,0.0982213830575347,0.0797728814650327,0.922425102442503,0.4481167625635862,1.0985448099672794
6,5e-05,0.4197414977529559,0.0973248234429298,16.12083414025581,0.4739404786318635,1.0947677331229748,0.0930330659030005,0.0713963956804946,1.0818335292860866,0.4915829543024301,1.0985560417175293
7,5e-05,0.3244352619916486,0.0908327556599062,11.680125781522392,0.4689173078575073,1.0947201457648232,0.148389964015223,0.0656019084854051,4.139402952045202,0.4624764639884233,1.098451342433691
8,5e-05,0.4159675323948883,0.0846223443175276,16.567259730146336,0.4731670316225423,1.0947244510102196,0.2118223700672388,0.0632412049453705,7.429058502428234,0.4824849488213658,1.0985337644815445
9,5e-05,0.3134517797146933,0.0820150983671601,11.571834272660386,0.4752696683993355,1.094737361414364,0.1341933761723339,0.0610531071433797,3.657013445161283,0.483433211222291,1.0984563827514648
10,5e-05,0.4768992781091612,0.080647934942295,19.812567437799597,0.479081926635279,1.0946705387042353,0.0768997841514647,0.0588944224873557,0.9002681449055672,0.4909378439188003,1.0984283536672592
11,5e-05,0.2848638275656076,0.0763836714406363,10.4240079624013,0.4745744855259173,1.094620222481676,0.0716646836372092,0.0557753850007429,0.7944649495184422,0.4633844336494803,1.0983309671282768
12,5e-05,0.3121485920807424,0.0743362562248882,11.89061691005009,0.4756646385779396,1.094549313520852,0.073964684153907,0.0529739597113803,1.0495362458750606,0.4649141626432538,1.098334863781929
13,5e-05,0.2714859409906422,0.0715887361703018,9.994860345848831,0.4787073463868028,1.0945856902546014,0.070807428099215,0.05312227725517,0.8842575708404183,0.4538854546844959,1.098324939608574
14,5e-05,0.3410335533654156,0.0716487546198474,13.469240362651814,0.4772590261678726,1.0945908867132168,0.0977471082005649,0.0517274826997891,2.300981347449124,0.4775736043229699,1.09824800491333
15,5e-05,0.2509695043007787,0.070486642824956,9.024143272409804,0.475249566209202,1.0943237866837376,0.1479979180730879,0.0508272751467302,4.858532297424972,0.4805055605247617,1.0978497341275215
16,5e-05,0.3290256755991865,0.0698498777878551,12.958790190684528,0.475675978790076,1.0939629611115866,0.0620508352294564,0.0483274307334795,0.6861702334135771,0.4733839631080627,1.0975275374948978
17,5e-05,0.2429181094201037,0.0684071622860317,8.725547458512334,0.4774564095198537,1.093729895143844,0.0671800926793366,0.0523274679435417,0.7426312323659658,0.4640658050775528,1.0970527417957785
18,5e-05,0.299867912127187,0.0670034657128321,11.643222660683216,0.4813243791508598,1.093285355705042,0.1741594250197522,0.0466541448840871,6.375264277216047,0.4703177623450756,1.0966753661632538
19,5e-05,0.2451923433393716,0.0686226124747302,8.828486441232906,0.4741821582324969,1.093298793600771,0.1135881301015615,0.0472046690993011,3.3191730733960867,0.4677154598757624,1.0968749150633812
20,5e-05,0.2621352522018047,0.0655511393428991,9.829205783601768,0.4766928699260321,1.0932870920473776,0.0636528026079759,0.0482794399140402,0.7686681607738137,0.4711767742410302,1.0964557379484177
21,5e-05,0.2667788270111091,0.0645165690265524,10.11311345530775,0.4766534208870543,1.0922013928715033,0.0642871976597234,0.0494688919279724,0.740915322676301,0.4715144215151667,1.095169723033905
22,5e-05,0.3119200553994971,0.0666301604895927,12.264495031426128,0.474670211061502,1.0923599884532893,0.060645151650533,0.0455463626421988,0.7549394834786654,0.4731607511639595,1.095893807709217
23,5e-05,0.2148828262004989,0.0641315688078586,7.537563210954301,0.4740549566837164,1.0924247941270042,0.0630974273663014,0.0466090956469997,0.8244166225194931,0.477115779183805,1.095930889248848
24,5e-05,0.3616614630951668,0.0645351761969895,14.856314872305234,0.4738925300276698,1.0925344967613586,0.0934820828260853,0.0455089543247595,2.398656486533582,0.4572062063962221,1.0959564372897148
25,5e-05,0.2585071147011872,0.0637917943275012,9.735766359125844,0.4730149846488294,1.092614176555183,0.0966847195522859,0.0471174665726721,2.478362804278732,0.4861035980284214,1.0962563827633858
26,5e-05,0.2138596695785324,0.0632114646712335,7.532410158231236,0.4783587781385111,1.0925981849908066,0.1116437484743073,0.0433438026811927,3.414997332729399,0.4757580859586596,1.0959759429097176
27,5e-05,0.397299747473706,0.0625348636707939,16.738244737489534,0.4793626562284585,1.0925199878863252,0.0583615876967087,0.0426355006056837,0.7863043621182442,0.4722125502303242,1.095650538802147
28,5e-05,0.3179496719171635,0.0625616725617513,12.769400363817764,0.4767423492079726,1.0920175858579886,0.0571998556843027,0.0464040240040048,0.539791596122086,0.4783515818417072,1.0946912951767445
29,5e-05,0.2486539089713043,0.0630090744457781,9.28224213921224,0.4742513946450937,1.0913575106916336,0.0933623962337151,0.0432762628188356,2.504306729882956,0.4960532058030367,1.09443973377347
30,5e-05,0.5333042408402164,0.0620021195873951,23.565106750296327,0.4717059102111731,1.0908801151921574,0.1269192426698282,0.0454256868688389,4.0746778240427375,0.4691977277398109,1.0943786278367045
31,1.25e-05,0.3388072118139305,0.0606336889270776,13.908676479761592,0.4724026722268175,1.0906587088831698,0.0799133438849821,0.043275371659547,1.8318986501544716,0.4872245416045189,1.09415115788579
32,1.25e-05,0.2857802962890258,0.0604370518650014,11.267162574365878,0.4777508983596826,1.091054945708083,0.1103684841655194,0.0421413918957114,3.4113547056913376,0.465954246930778,1.094322133809328
33,1.25e-05,0.2341719386510003,0.0582553962120613,8.795827328016202,0.4740325057278045,1.0910824346847046,0.087605805019848,0.0418557079974561,2.287504973821342,0.474842919036746,1.0942467972636225
34,1.25e-05,0.3010464521309438,0.0609648942042844,12.004078078289002,0.474407587950222,1.090971277925534,0.0844379320042207,0.0413836480583995,2.152714121155441,0.4708304097875952,1.0941874533891678
35,1.25e-05,0.363401148575373,0.0588432024843014,15.227897402101432,0.4737187667776601,1.0909044087504427,0.0510282042669132,0.0401643848163075,0.5431909961625934,0.465532167814672,1.094180766493082
36,1.25e-05,0.253036980109569,0.059474218958102,9.6781380629768,0.4753289428381874,1.0909674601813857,0.1148098792182281,0.0429431064985692,3.593338618054986,0.4633451318368315,1.0939752720296383
37,1.25e-05,0.2388719241506756,0.05845866322565,9.02066320085678,0.4767780228735159,1.0907663240219458,0.0911274378886446,0.0400813119485974,2.5523063987493515,0.4797871503978967,1.0939538329839706
38,1.25e-05,0.3016354224076286,0.0560175923053353,12.2808918303575,0.4774302905931259,1.090772356088169,0.0764861499192193,0.0407795484643429,1.7853300599381328,0.4665168095380068,1.0940626971423626
39,1.25e-05,0.1880448934392997,0.0584077791165048,6.48185600716466,0.4708323572961667,1.090971756666994,0.0791256892262026,0.0407346912543289,1.9195499140769243,0.4649834213778376,1.0942514762282372
40,1.25e-05,0.1315482048252329,0.0582093107231413,3.666944748201309,0.474419284647646,1.0912112199460355,0.0716410406166687,0.0397420889930799,1.594947649165988,0.4774582665413618,1.094526819884777
41,1.25e-05,0.2396123325124906,0.056843948214294,9.13841931221965,0.4757740854645689,1.0911784469129178,0.0491021980997175,0.039460752857849,0.4820722825825214,0.4759850185364485,1.094386611133814
42,1.25e-05,0.10771722969012901,0.05787807470336318,2.4919577342824053,0.4825477760059003,1.0911039418686692,0.05172038124874234,0.041336162481456995,0.5192109504714608,0.4849167410284281,1.094497449696064
43,1.25e-05,0.32071518751617056,0.057468740013651196,13.162322673553858,0.476856510098369,1.0911677630183796,0.07609945093281567,0.0418975189095363,1.7100966572761536,0.4723404739052057,1.0943603850901127
44,1.25e-05,0.25124096963257075,0.05898944580088408,9.612576422266686,0.4763735504196094,1.0910630923109694,0.051746611134149134,0.04078909772215411,0.5478757005184889,0.49087961204349995,1.0943229496479034
45,1.25e-05,0.28874104398603256,0.05569601543366719,11.652251731854276,0.4765395351682608,1.0909976677391857,0.05141578253824264,0.038738696137443185,0.633854329586029,0.47808207757771015,1.0942321009933949
46,1.25e-05,0.3689382153982743,0.05634786441517524,15.629517856973429,0.4764503546225758,1.0909705516248465,0.06824576552025974,0.04056885890895501,1.383845363277942,0.46254252549260855,1.0941258557140827
47,1.25e-05,0.32856521654290893,0.054693780416926255,13.693571989528667,0.47761568731774157,1.0908591305485928,0.07163597224280238,0.03975548793096095,1.594024183228612,0.47348934318870306,1.0939263179898262
48,1.25e-05,0.29036426717956987,0.05723906486940841,11.656260050618991,0.481712542878934,1.090608586137668,0.1160652645630762,0.03770173469092697,3.9181765243411064,0.4750572517514229,1.0936805680394173
49,1.25e-05,0.391859283260168,0.056541358909239406,16.76589651629567,0.4736841924655171,1.0904449791953967,0.05233491607941687,0.0420123923686333,0.5161261931061745,0.4844851577654481,1.0934889912605286
50,1.25e-05,0.16370158861525141,0.05655287312099728,5.357436067665728,0.475778822319957,1.090363568391282,0.05087928520515561,0.04019959270954132,0.5339846462011337,0.4665929637849331,1.0935186259448528
51,1.25e-05,0.287268655499616,0.05824980934183247,11.450942855863905,0.4789582244313944,1.0901225569149176,0.0479118840303272,0.03765515558188781,0.5128364218398929,0.4684729091823101,1.0931377336382866
52,1.25e-05,0.35586206975598306,0.05508668057192057,15.03876983738555,0.4755661881769808,1.0900536230958688,0.051182608935050666,0.04035611543804407,0.5413246974349022,0.4591185776516795,1.0931351855397224
53,1.25e-05,0.3517948200884528,0.0550646360654134,14.836509501115202,0.47335570926864307,1.08997836699501,0.07385093288030475,0.04128997877705842,1.6280477801337838,0.4744729232043028,1.0930556170642376
