epoch,masked_input_prob,beta_kl,lr,train_loss,train_recon_loss,train_kl_loss,train_gap_loss,train_context_loss,train_grad_loss,train_gap_mae,train_gap_rmse,train_full_mae,train_full_rmse,train_psnr,val_loss,val_recon_loss,val_kl_loss,val_gap_loss,val_context_loss,val_grad_loss,val_gap_mae,val_gap_rmse,val_full_mae,val_full_rmse,val_psnr,clean_val_loss,clean_val_recon_loss,clean_val_kl_loss,clean_val_gap_loss,clean_val_context_loss,clean_val_grad_loss,clean_val_gap_mae,clean_val_gap_rmse,clean_val_full_mae,clean_val_full_rmse,clean_val_psnr
1,0.05,3e-05,0.0001,0.296059137403965,0.2956638711690902,13.175528554699756,0.233538705086708,0.2204171905636787,0.4008344658374786,0.2925391956806183,0.6076760918617249,0.2826061187505722,0.5877520175933838,4.84574218738079,0.3205181145005756,0.3201778568918743,11.341928224714977,0.2651846522376651,0.1784642773961264,0.3714677807357576,0.3081963343752755,0.6491373025235676,0.2384984921368341,0.504135857498835,6.044048017925686,0.2316718787427932,0.2313245236873626,11.578515862661694,0.1765717932629207,0.1775114013562126,0.3700158953193634,0.2300771761035162,0.4721158908473121,0.2307440595967429,0.4755672173840659,6.497806692880298
2,0.0604166666666666,6e-05,0.0001,0.1883479508757591,0.1876552665352821,11.544742114257811,0.1443721399188041,0.116173779952526,0.3166574719905853,0.195822444999218,0.4139678172588348,0.1728268482565879,0.3679544400215149,8.780408489227295,0.2394309480275426,0.2387494579667136,11.358150043184796,0.1972348807704827,0.1088859580812,0.306259801936528,0.2427318938194759,0.5138594068232036,0.1685981360219773,0.3672638869001752,8.952677416423011,0.1444040020070378,0.1437107949029831,11.553441706157866,0.1030136298329111,0.1046349235943385,0.3023367285255401,0.1565784551794566,0.3250072804235276,0.157754286414101,0.3287844348048407,9.73606492602636
3,0.0708333333333333,8.999999999999999e-05,0.0001,0.1671940373659134,0.166285602402687,10.093720754241945,0.1282179546058178,0.0988207894086837,0.2818556981086731,0.173203435999155,0.366941232585907,0.1481964455723762,0.3176923160076141,10.079055207824709,0.2102688720065449,0.2092289290730915,11.55492034791008,0.1738887392575778,0.0845810619020272,0.2688208473107171,0.2118892040517595,0.4572460500020829,0.1370317048969723,0.3099528456491137,10.446533240969218,0.1189900270057103,0.1179362446779296,11.70869695572626,0.0829293361850201,0.084503637065017,0.2655654424239719,0.1279280056792592,0.2692724194318529,0.1291480650977483,0.2736608092747037,11.329068698580302
4,0.08125,0.0001199999999999,0.0001,0.1464320862054824,0.1452261967420578,10.049080767822266,0.11149929651618,0.0867478761970996,0.2505211211681366,0.1501170193552971,0.3185767077207565,0.1280392814517021,0.2764085000038146,11.306358558654786,0.1800412779289578,0.1789380323792261,9.193710667746409,0.1442836220302279,0.093357998404711,0.2531861071548765,0.1828812844459972,0.3703573686735971,0.1364274790126179,0.2829918199115329,11.232785096244209,0.1197281490479196,0.1186112497770597,9.30749213506305,0.0851970856624936,0.0863982531877737,0.2477433797385957,0.124090646112722,0.2522872482973431,0.1252143987350993,0.2563297594823534,11.887968456934368
5,0.0916666666666666,0.00015,0.0001,0.1352502851963043,0.1339636582136154,8.57751272277832,0.1036219463527202,0.0754397679388523,0.2279773502111435,0.1384664124548435,0.2957997429609298,0.1128073309540748,0.248705528974533,12.235421698760986,0.1365875132263652,0.1352970770427159,8.602913591596815,0.103957299556997,0.0860422017082335,0.2273555764603236,0.1344422456764039,0.2858160559147123,0.1177732495088425,0.2563360196257394,11.934534905448793,0.1167566783371425,0.1154619609079663,8.631454081762405,0.0843038816182386,0.0856771191197728,0.2259036579302379,0.114191825900759,0.2457400671546421,0.115554015196505,0.2496985977604275,12.120764459882464
6,0.1020833333333333,0.0001799999999999,0.0001,0.1241953078329563,0.1228053623139858,7.72191954574585,0.0943387430489063,0.068756662684679,0.2159095238447189,0.1274537322342396,0.2752149209141731,0.1042449758887291,0.2322202795743942,12.828495973968506,0.1576780185458206,0.156308393688902,7.609026976994106,0.1277201035547824,0.065806124241106,0.220076775503537,0.1615087841711347,0.350359063063349,0.1065430324228983,0.2416634356218671,12.598564200931126,0.0924576881031195,0.0910736541189844,7.689075235336546,0.063115427063571,0.0642115520461211,0.2153707208141448,0.0980482329688375,0.2093407755333279,0.0991684310729541,0.2129679423949075,13.51461888873388
7,0.1125,0.0002099999999999,0.0001,0.1311757658481598,0.1296772492945194,7.135793500518799,0.1018393804252147,0.0672763077199459,0.2111023820638656,0.1340261260092258,0.2891449937820434,0.1023134346663951,0.2302013944864273,12.927370155334472,0.164988497538226,0.1634591219444123,7.282744021642776,0.1352593656333666,0.066555987984415,0.2154415609344603,0.168546092238218,0.3581054111321767,0.1054803568810697,0.2407898777534091,12.678805389101544,0.0917315755689901,0.0901820712264568,7.378594625563848,0.0628255903129539,0.0639731846158466,0.2095916223904443,0.0953548023151972,0.2066724037840253,0.0964822322130203,0.2102041764864846,13.627181477016872
8,0.1229166666666666,0.0002399999999999,0.0001,0.1309754648447036,0.1293679131925106,6.698131525421142,0.1020693665981292,0.0662648928701877,0.2067205723047256,0.1333877322971821,0.2876468744993209,0.1002828433871269,0.2261689431428909,13.08287702484131,0.1448701138770769,0.143186004684558,7.017120255364312,0.1153217827871678,0.0658944320111047,0.2127477916933241,0.1509084480977247,0.3099824466875621,0.1036709356047804,0.2319723362960512,13.01284004393078,0.0880873581719777,0.0863883358145517,7.079259395599365,0.0595514535430877,0.0602965620420281,0.2080722517437405,0.0929650280565496,0.202749789470718,0.0939072428478135,0.2054897906288268,13.82731993236239
9,0.1333333333333333,0.00027,0.0001,0.135877836549282,0.1341147087097167,6.530103125762939,0.1069857342779636,0.0663079604327678,0.2049817778110504,0.1379099842071533,0.2962213102102279,0.1002576280117034,0.2260448153972625,13.132653992462158,0.1522804532377492,0.1506154185959271,6.1667965101817295,0.1234796872096402,0.0649591036259182,0.2063981928522624,0.1568743694159719,0.3272318506524676,0.1004380022012998,0.2274748881657918,13.156058523390028,0.0878949978994944,0.0862144152559931,6.224380583990188,0.0600408749684454,0.0609632916748523,0.2007721142163352,0.0902693779577338,0.196051284197777,0.0913476120266649,0.1986836358195259,14.11414903307718
10,0.14375,0.0003,3e-05,0.1398319951117038,0.1379202362120151,6.37252903137207,0.1111910248935222,0.0655378173947334,0.2017542887210845,0.1414418026506901,0.303193622303009,0.098857439661026,0.2241578183889389,13.19531585006714,0.1690395443094155,0.1670076073635192,6.773123559497652,0.1393623510523448,0.0710698388635166,0.2053827177437525,0.1719482102327876,0.3510485561121078,0.1058046905885613,0.2350478995414007,12.91546814782279,0.0925098726200678,0.0904457826344739,6.8802984858316085,0.0640910452911778,0.0652053285212743,0.1983420385254753,0.0928894090983602,0.1972351902061038,0.0941332524849308,0.2006805073174219,14.015541137210906
11,0.1541666666666666,0.0003,3e-05,0.1162811186611652,0.1145536279737949,5.758302448272705,0.0901595986425876,0.0510318651467561,0.1929084199309349,0.1234559841632843,0.2700220482707023,0.0870551812112331,0.2027565793633461,14.066825283813476,0.1354471177808822,0.1338353490545636,5.372563044230144,0.1092847125042998,0.0489056715593924,0.1966006794855708,0.1445491003493468,0.3141968621621056,0.0888765736349991,0.2099105105513618,13.8709472171844,0.0724118890033827,0.070784426752537,5.424874199761285,0.0468478321083008,0.04759947254899,0.1917664543503806,0.08121560431189,0.18072607746673,0.082169596815393,0.18327725146498,14.82258309258355
12,0.1645833333333333,0.0003,3e-05,0.1211754400253296,0.1196591429293155,5.054323870849609,0.0955779985845089,0.0493161554217338,0.1914952890872955,0.1292207677721977,0.2823699875473976,0.0862205186963081,0.2029631150007247,14.069245803833008,0.1241460164033231,0.122622386034992,5.078768056536478,0.0979059798613427,0.0518669101099173,0.1952971319357554,0.1313646213402823,0.2900924377498172,0.0886988157317752,0.2062868755015116,13.919690601409428,0.0763057912625963,0.0747737569350098,5.10678091503325,0.0504797200361887,0.0511328629439785,0.1918075032650478,0.082867296146495,0.1832216523942493,0.083797924930141,0.1855319719465952,14.715468785119436
13,0.175,0.0003,3e-05,0.1167177297055721,0.1152849192857742,4.776034802246094,0.09149158346951,0.0480193642735481,0.1899139904141426,0.1249407770037651,0.2746474769353866,0.0847963334321975,0.2000311633586883,14.185993493652344,0.1365840022289563,0.1351265407625645,4.858200754438128,0.1106978674079217,0.0499045909751975,0.1943821460008621,0.1451728663865536,0.3152222881714503,0.0881428165686509,0.208630741588653,13.884392435588534,0.0742195405893855,0.0727513233229281,4.894056566177853,0.0488329128554416,0.0495004672261457,0.1896836311807708,0.0812078264970628,0.1812374305630487,0.0821312231913445,0.1833386234347782,14.817738987150646
14,0.1854166666666666,0.0003,3e-05,0.1288910862624645,0.1275070654094219,4.613402421951294,0.1036559297919273,0.0484045688748359,0.1901067855238914,0.137016113102436,0.3001453642606735,0.0857783824503421,0.2041593586921692,14.024767149353028,0.1410423025252327,0.1396388749163302,4.67809305872236,0.1154532689778577,0.0474809838665856,0.1943750681858214,0.1507574850841174,0.3240662333038118,0.0877701556162228,0.2078290889187464,13.938473065694174,0.0712916057497736,0.0698763095433749,4.717655181884766,0.0462722148273199,0.0469060691280497,0.1891348657626954,0.0801602927228761,0.1781628739739221,0.0810643676372747,0.1806041676373709,14.95120422423832
15,0.1958333333333333,0.0003,3e-05,0.1163291844308376,0.1149751079261302,4.513588444519043,0.0914478527218103,0.0471151499897241,0.1881573972582817,0.1246221365571022,0.2740595989823341,0.0838010016441345,0.1983678920507431,14.266147760009764,0.1298647656563728,0.1285514249688103,4.377802674732511,0.1046327859281547,0.047178073653153,0.1920083026800836,0.1392188969822157,0.305175269879992,0.0859421083023623,0.2048105249802271,14.01511616177029,0.0710070007850253,0.0696836570425639,4.4111460201323975,0.0462483279702682,0.0469083615711757,0.1874449247169116,0.0792659285167853,0.1772810485627916,0.0801913430766453,0.1796685213607455,14.997121629260835
16,0.20625,0.0003,3e-05,0.139713538479805,0.1383796465694904,4.446305994415283,0.1145851056575775,0.048384106093645,0.1895612977862358,0.1478593032240867,0.3222121792912483,0.0864108299076557,0.2078276310205459,13.912488597106934,0.1335857883687057,0.1322350847933973,4.502342844766284,0.1082562303377522,0.0474534713855338,0.1923350503756886,0.1431580252708896,0.3088613949597828,0.0864840569713759,0.20643764355826,14.009794129265678,0.0709448374571308,0.0695834956353619,4.537805027431912,0.0461825011741547,0.0467740719517072,0.1872358669837316,0.0789113607080209,0.1768889489864546,0.0797865066736463,0.1790557163102286,15.02545550512889
17,0.21666666666666667,0.0003,3e-05,0.13031226496100426,0.12900395292639733,4.361039119338989,0.1054970058709383,0.04706767513751984,0.18800179080963134,0.1387681930601597,0.3049609182238579,0.08459918051362038,0.2027850522994995,14.096953456115722,0.11485776908340908,0.11353901696820108,4.395839520863125,0.08998383126325077,0.046052857819530696,0.1894989898280492,0.12388571807079846,0.2775106165144179,0.08336498883981554,0.19667848921011363,14.348495892116002,0.06989716537415035,0.0685709309246805,4.420781109068129,0.04535128959705905,0.04589790685309304,0.18629850317088384,0.07844369302666376,0.17575743652525402,0.0792858103319766,0.17767815362839473,15.093644248114693
18,0.22708333333333336,0.0003,3e-05,0.13965818865895271,0.13836945298910142,4.295786011886596,0.11479041789472103,0.047335836151242254,0.18845450673103334,0.14815657612681388,0.32355712107419965,0.08553426776528358,0.20660016994476318,13.958216998291016,0.12937017583421298,0.12798537846122468,4.615991047450474,0.10320290645200109,0.05708895050107487,0.1907357480081301,0.13177435951573507,0.28819743058984243,0.08908360557896751,0.20640269536820668,13.96732365138947,0.08180319275411349,0.08040855073976139,4.648807934352329,0.05603237420557037,0.0566747457616859,0.18708702058546126,0.08328083027449865,0.18377422718774705,0.08417628386190959,0.18598134342640166,14.685576226976183
19,0.2375,0.0003,3e-05,0.14256243933439255,0.14128535718917848,4.256939710617066,0.11772075462043285,0.047656815207004544,0.18798920365571975,0.15075797540545463,0.33033706035614013,0.08560828553438186,0.2071424735069275,13.930823666381835,0.1364534692986617,0.13515584490128926,4.325414203462147,0.1113370679732826,0.04706612031256396,0.19112165946336018,0.14541311100834892,0.3143403734716158,0.08602375365675442,0.20472865563536446,14.08247152964274,0.07089691597317892,0.0695841582048507,4.37585955574399,0.04628983843657705,0.04686134828934594,0.18608184324370491,0.07870785229735905,0.1760417516269381,0.07956775857342614,0.17799645070991818,15.07847395397368
20,0.24791666666666667,0.0003,3e-05,0.14191084384322167,0.14064708583950997,4.212525618743896,0.11706445483863354,0.0479774565577507,0.18784884306192398,0.14972593960165978,0.3283042994618416,0.08568054474592209,0.20704285391569138,13.94234832611084,0.14423022537477434,0.14294142867364582,4.295983624836755,0.11927082806470848,0.04597396808602507,0.19073204696178436,0.15350386624534926,0.3352364935572185,0.08603014844277548,0.20756404976996165,13.980772729903933,0.06924229150726682,0.0679343252901047,4.359885378489419,0.04488132491944328,0.04545885040646508,0.18507115188099088,0.0777496091193623,0.1739532867121318,0.07861619478180296,0.17614383782659257,15.16946712372795
21,0.25833333333333336,0.0003,3e-05,0.14081314240098,0.13955863003730773,4.181708118820191,0.11612731818258762,0.0470669745951891,0.18724614270925521,0.14925147760510446,0.32697336987257003,0.08497058836221695,0.2057825519800186,13.990584329223633,0.16112634031072495,0.15986685395713837,4.19828468655783,0.13557254224424325,0.049530169350050744,0.19341296584360182,0.17008014029217144,0.36559765395664034,0.08955633847249879,0.2160265353463945,13.62624708811442,0.07373451169521089,0.07244775337832314,4.289192506245205,0.04886465354098214,0.04930123045212693,0.18652975914024172,0.08021324068780929,0.17854375605072295,0.08098513012131055,0.18012675572009312,14.974529826451862
22,0.26875,0.0003,9e-06,0.15455154846310615,0.15331895624995232,4.108641223144531,0.12982268706262112,0.04708727805018425,0.18787541443109512,0.1631545979499817,0.35641371978521347,0.08618470253348351,0.21089523018598558,13.81927972869873,0.13342041126082813,0.13216341830908307,4.1899759580218605,0.10849365994097694,0.04738492761102934,0.18931266015011167,0.1423592156479283,0.31050815374132185,0.08523868497401949,0.20383632656127687,14.109659861004541,0.07112814639768904,0.06984706033789922,4.270286964991736,0.0466754176018257,0.04721736564995751,0.1844990553836974,0.07831370256959445,0.1756610314524363,0.07914227300456592,0.1772763885202862,15.114826353769454
23,0.2791666666666667,0.0003,9e-06,0.14082652706503868,0.1395880851507187,4.128139265823364,0.11667214308977127,0.04375468874871731,0.18540472698211669,0.15070754404067993,0.3335085900425911,0.08312547543644905,0.20418338594436647,14.067352264404297,0.137673314601656,0.1364156628057124,4.192170112852066,0.1131529426054349,0.04424207539312423,0.18838512850186181,0.14823596688017013,0.3258907987721383,0.08403798825447521,0.20380030974509225,14.099937635754783,0.06724831982264443,0.06596348824955169,4.282772018795922,0.04328227844384928,0.04382295191051468,0.18298914472735117,0.07636178929417853,0.17227485243763244,0.07719367080264622,0.17425218957757194,15.264739869132875
24,0.28958333333333336,0.0003,9e-06,0.15222504653334618,0.15101433964967728,4.035688570404052,0.12803832933306694,0.04373485210835934,0.18602524588108063,0.16219614226222037,0.3564407810926437,0.08411802930831909,0.2084297068119049,13.91352608947754,0.13090102138027312,0.12967447238782095,4.088495996263292,0.1064635802001234,0.04423155103410993,0.18787737580991926,0.1413463485974168,0.3080334002299914,0.08352142690666138,0.20073391024082426,14.23850775521899,0.06730816980439519,0.06605734510554208,4.16941563666813,0.04340031539045629,0.04389541587304501,0.18267486942192865,0.07634556683756057,0.171840706041881,0.07716415940769135,0.1737916036730721,15.287660401964944
25,0.3,0.0003,9e-06,0.14710535469651223,0.1459101759970188,3.9839287322998045,0.1230123775690794,0.043558773082494735,0.18541921166181563,0.15713238543868066,0.3467918910264969,0.0834989363014698,0.20626113740205765,13.999082200622558,0.16894899787647383,0.16774006406702693,4.029781091780889,0.14433470829611733,0.043704880963242244,0.1903486687039572,0.17902855196642498,0.39566950665579903,0.08684901159907145,0.21739648471749018,13.639924518645756,0.0665672512518035,0.06531962320681602,4.158760634679643,0.04274208542136919,0.04325363051796716,0.18252174627213252,0.07611799003585937,0.17164831419312765,0.07693271037368547,0.1735612286461724,15.299458185831705
